{"mean":{"confidence_interval":{"confidence_level":0.95,"lower_bound":0.4128631974235395,"upper_bound":0.6468421449280561},"point_estimate":0.5255835762601242,"standard_error":0.06268878012154896},"median":{"confidence_interval":{"confidence_level":0.95,"lower_bound":0.25065376661777883,"upper_bound":0.4633412341896161},"point_estimate":0.3742517851528646,"standard_error":0.05401538494822393}}