{"mean":{"confidence_interval":{"confidence_level":0.95,"lower_bound":0.23129933623976476,"upper_bound":0.408890642877081},"point_estimate":0.3152898272666089,"standard_error":0.045476600468845794},"median":{"confidence_interval":{"confidence_level":0.95,"lower_bound":0.2588796238521547,"upper_bound":0.4964273452644125},"point_estimate":0.36541848679378197,"standard_error":0.06096136930275462}}