{"mean":{"confidence_interval":{"confidence_level":0.95,"lower_bound":23099225.550000016,"upper_bound":23734657.133333337},"point_estimate":23390903.33333333,"standard_error":162414.84372135927},"median":{"confidence_interval":{"confidence_level":0.95,"lower_bound":22615162.5,"upper_bound":23001300.0},"point_estimate":22742750.0,"standard_error":106593.78818316812},"median_abs_dev":{"confidence_interval":{"confidence_level":0.95,"lower_bound":339688.3639693251,"upper_bound":895144.4441080084},"point_estimate":567440.4299259195,"standard_error":146418.4119804937},"slope":null,"std_dev":{"confidence_interval":{"confidence_level":0.95,"lower_bound":985586.153543168,"upper_bound":2194729.769363665},"point_estimate":1632526.9021386784,"standard_error":311595.7889800107}}