{"mean":{"confidence_interval":{"confidence_level":0.95,"lower_bound":-0.5001540109820053,"upper_bound":-0.4436300169440822},"point_estimate":-0.47309011761049924,"standard_error":0.014418796167703016},"median":{"confidence_interval":{"confidence_level":0.95,"lower_bound":-0.5331675325509937,"upper_bound":-0.48451094206372874},"point_estimate":-0.5021698087394314,"standard_error":0.011258251507451151}}