{"mean":{"confidence_interval":{"confidence_level":0.95,"lower_bound":0.0011579824257996058,"upper_bound":0.018669956497580575},"point_estimate":0.009925262482377128,"standard_error":0.0044715855002886076},"median":{"confidence_interval":{"confidence_level":0.95,"lower_bound":-0.0019347287502907706,"upper_bound":0.013321901201860165},"point_estimate":0.0026424036195491496,"standard_error":0.0038597627074690288}}