{"mean":{"confidence_interval":{"confidence_level":0.95,"lower_bound":11593917.4875,"upper_bound":11663261.25},"point_estimate":11628643.5,"standard_error":17610.976947998144},"median":{"confidence_interval":{"confidence_level":0.95,"lower_bound":11585925.0,"upper_bound":11659625.0},"point_estimate":11623800.0,"standard_error":20845.11453316657},"median_abs_dev":{"confidence_interval":{"confidence_level":0.95,"lower_bound":113380.90636208662,"upper_bound":218146.05362713337},"point_estimate":165421.09206318855,"standard_error":26706.298133869936},"slope":null,"std_dev":{"confidence_interval":{"confidence_level":0.95,"lower_bound":151488.47247574542,"upper_bound":199699.99346956232},"point_estimate":177178.2937766533,"standard_error":12297.066164102376}}