{"mean":{"confidence_interval":{"confidence_level":0.95,"lower_bound":11574548.98125,"upper_bound":11635817.13125},"point_estimate":11605277.75,"standard_error":15617.58262397123},"median":{"confidence_interval":{"confidence_level":0.95,"lower_bound":11577462.5,"upper_bound":11644725.0},"point_estimate":11606562.5,"standard_error":13989.503571311965},"median_abs_dev":{"confidence_interval":{"confidence_level":0.95,"lower_bound":121424.93784427643,"upper_bound":200058.33394825459},"point_estimate":172926.7544299364,"standard_error":19406.486273710267},"slope":null,"std_dev":{"confidence_interval":{"confidence_level":0.95,"lower_bound":136143.57705970565,"upper_bound":175042.6741235429},"point_estimate":156612.57830397174,"standard_error":9947.506669153905}}