{"mean":{"confidence_interval":{"confidence_level":0.95,"lower_bound":0.3135359400749764,"upper_bound":0.5021334474957794},"point_estimate":0.40266196633842566,"standard_error":0.0472826038286931},"median":{"confidence_interval":{"confidence_level":0.95,"lower_bound":0.300813270844166,"upper_bound":0.5057775847367101},"point_estimate":0.3993088548354824,"standard_error":0.05338562891672375}}