{"mean":{"confidence_interval":{"confidence_level":0.95,"lower_bound":0.05988414347280918,"upper_bound":0.19238464351876713},"point_estimate":0.12005981245968056,"standard_error":0.03336772073356368},"median":{"confidence_interval":{"confidence_level":0.95,"lower_bound":0.045174926607778554,"upper_bound":0.1531105414438676},"point_estimate":0.08591160994417191,"standard_error":0.025047027691443534}}