{"mean":{"confidence_interval":{"confidence_level":0.95,"lower_bound":16624594.675000008,"upper_bound":16900829.69166666},"point_estimate":16758348.666666662,"standard_error":70579.5733444421},"median":{"confidence_interval":{"confidence_level":0.95,"lower_bound":16369000.0,"upper_bound":16728533.333333332},"point_estimate":16483200.0,"standard_error":81452.91779989334},"median_abs_dev":{"confidence_interval":{"confidence_level":0.95,"lower_bound":340102.2564619771,"upper_bound":746167.8567528706},"point_estimate":490369.94129419327,"standard_error":98322.72741682395},"slope":null,"std_dev":{"confidence_interval":{"confidence_level":0.95,"lower_bound":581384.6845345068,"upper_bound":830537.147260424},"point_estimate":710015.656320638,"standard_error":63725.6754393387}}