{"mean":{"confidence_interval":{"confidence_level":0.95,"lower_bound":-0.0053402686993095,"upper_bound":0.003037903004114975},"point_estimate":-0.001212148540857716,"standard_error":0.0021480701596819606},"median":{"confidence_interval":{"confidence_level":0.95,"lower_bound":-0.005623600006013363,"upper_bound":0.003551981846858565},"point_estimate":-0.001399259240963624,"standard_error":0.002327966858589063}}