{"mean":{"confidence_interval":{"confidence_level":0.95,"lower_bound":-0.22351985029784746,"upper_bound":-0.17494966602347853},"point_estimate":-0.1992520500543039,"standard_error":0.0123907779702592},"median":{"confidence_interval":{"confidence_level":0.95,"lower_bound":-0.1937768476986017,"upper_bound":-0.12445324947049818},"point_estimate":-0.15482521823997997,"standard_error":0.019475474844992006}}