{"mean":{"confidence_interval":{"confidence_level":0.95,"lower_bound":0.04054922785710496,"upper_bound":0.08106263565110032},"point_estimate":0.0607481087779449,"standard_error":0.010367450863880806},"median":{"confidence_interval":{"confidence_level":0.95,"lower_bound":0.0488969267573125,"upper_bound":0.09474564350251069},"point_estimate":0.06938337541270156,"standard_error":0.01143997603106045}}