{"mean":{"confidence_interval":{"confidence_level":0.95,"lower_bound":-0.17944977483437802,"upper_bound":-0.14553872834764048},"point_estimate":-0.16227406829600355,"standard_error":0.00865439408132408},"median":{"confidence_interval":{"confidence_level":0.95,"lower_bound":-0.15151757684354683,"upper_bound":-0.12549101544192387},"point_estimate":-0.14017587036045887,"standard_error":0.006877269552791716}}