{"mean":{"confidence_interval":{"confidence_level":0.95,"lower_bound":9091648.499999998,"upper_bound":9272109.837499999},"point_estimate":9177801.333333334,"standard_error":46047.4689315271},"median":{"confidence_interval":{"confidence_level":0.95,"lower_bound":9001316.666666666,"upper_bound":9230750.0},"point_estimate":9133550.0,"standard_error":57490.940395951344},"median_abs_dev":{"confidence_interval":{"confidence_level":0.95,"lower_bound":320549.54268410895,"upper_bound":518316.95079803193},"point_estimate":429052.07738280203,"standard_error":51476.154891499675},"slope":null,"std_dev":{"confidence_interval":{"confidence_level":0.95,"lower_bound":343790.53686262167,"upper_bound":573068.623773096},"point_estimate":462832.88940081943,"standard_error":58721.91703964841}}