{"mean":{"confidence_interval":{"confidence_level":0.95,"lower_bound":-0.031139110927668363,"upper_bound":0.08673112289093744},"point_estimate":0.02728582383893019,"standard_error":0.03008710571351198},"median":{"confidence_interval":{"confidence_level":0.95,"lower_bound":0.03367525432026941,"upper_bound":0.14909565987970602},"point_estimate":0.1048787869964598,"standard_error":0.027615601703410785}}