{"mean":{"confidence_interval":{"confidence_level":0.95,"lower_bound":-0.3198582542059558,"upper_bound":-0.03818711305905362},"point_estimate":-0.19169159155539006,"standard_error":0.07202220851501541},"median":{"confidence_interval":{"confidence_level":0.95,"lower_bound":-0.3048536713173421,"upper_bound":-0.0014225733391950435},"point_estimate":-0.2003641241232823,"standard_error":0.0720485727656908}}