{"mean":{"confidence_interval":{"confidence_level":0.95,"lower_bound":1593736.5272757285,"upper_bound":1860083.0136683597},"point_estimate":1711203.6064592134,"standard_error":68421.47078232063},"median":{"confidence_interval":{"confidence_level":0.95,"lower_bound":1531107.7777777778,"upper_bound":1729918.7654320989},"point_estimate":1559110.173160173,"standard_error":54356.6598472495},"median_abs_dev":{"confidence_interval":{"confidence_level":0.95,"lower_bound":18633.34603671337,"upper_bound":285694.62136665307},"point_estimate":64012.883368594456,"standard_error":71686.62815579801},"slope":{"confidence_interval":{"confidence_level":0.95,"lower_bound":1570348.1497864288,"upper_bound":1743752.9896619166},"point_estimate":1637834.1192411925,"standard_error":44437.27838870238},"std_dev":{"confidence_interval":{"confidence_level":0.95,"lower_bound":116117.31235134923,"upper_bound":444047.30992577755},"point_estimate":313677.6012988283,"standard_error":87816.41744037632}}