{"mean":{"confidence_interval":{"confidence_level":0.95,"lower_bound":-0.4813037722951627,"upper_bound":-0.37867438253222657},"point_estimate":-0.43430749241697153,"standard_error":0.026194728391565048},"median":{"confidence_interval":{"confidence_level":0.95,"lower_bound":-0.5004397563193967,"upper_bound":-0.3061487874233243},"point_estimate":-0.4711126356394587,"standard_error":0.05493672726903166}}