{"mean":{"confidence_interval":{"confidence_level":0.95,"lower_bound":-0.18537850206662396,"upper_bound":-0.13839745492367472},"point_estimate":-0.16286945598074953,"standard_error":0.011946252937882861},"median":{"confidence_interval":{"confidence_level":0.95,"lower_bound":-0.18887909435181605,"upper_bound":-0.14333311848949223},"point_estimate":-0.16530060708207273,"standard_error":0.011023128682899187}}