{"mean":{"confidence_interval":{"confidence_level":0.95,"lower_bound":-0.2800447786013556,"upper_bound":-0.19147876752411905},"point_estimate":-0.23892937922950974,"standard_error":0.02248347272969289},"median":{"confidence_interval":{"confidence_level":0.95,"lower_bound":-0.30008689497908825,"upper_bound":-0.18986524951097716},"point_estimate":-0.27995421516605457,"standard_error":0.030505960799045714}}