{"mean":{"confidence_interval":{"confidence_level":0.95,"lower_bound":6808556.809375,"upper_bound":6878751.64375},"point_estimate":6842558.75,"standard_error":17915.018652512408},"median":{"confidence_interval":{"confidence_level":0.95,"lower_bound":6773062.5,"upper_bound":6837062.5},"point_estimate":6799150.0,"standard_error":16458.235697246557},"median_abs_dev":{"confidence_interval":{"confidence_level":0.95,"lower_bound":108841.3705676794,"upper_bound":194795.56735418725},"point_estimate":154486.91725730896,"standard_error":22559.040369593822},"slope":null,"std_dev":{"confidence_interval":{"confidence_level":0.95,"lower_bound":141857.8205223647,"upper_bound":216474.9317940621},"point_estimate":180419.96702926455,"standard_error":19137.889864930796}}