{"mean":{"confidence_interval":{"confidence_level":0.95,"lower_bound":-0.4859372677067569,"upper_bound":-0.4446246566136407},"point_estimate":-0.4657802513245731,"standard_error":0.010542599744797727},"median":{"confidence_interval":{"confidence_level":0.95,"lower_bound":-0.4767383030701021,"upper_bound":-0.41700489347088077},"point_estimate":-0.43335500173510133,"standard_error":0.016704114595458532}}