{"mean":{"confidence_interval":{"confidence_level":0.95,"lower_bound":-0.1554093062944737,"upper_bound":-0.040572843904472765},"point_estimate":-0.09831181792544252,"standard_error":0.029221319937040437},"median":{"confidence_interval":{"confidence_level":0.95,"lower_bound":-0.20786854841618074,"upper_bound":-0.03298800849209127},"point_estimate":-0.10300600497518297,"standard_error":0.045086066046524674}}