{"mean":{"confidence_interval":{"confidence_level":0.95,"lower_bound":-0.004975974507096681,"upper_bound":0.003359333517090742},"point_estimate":-0.0007490973688107916,"standard_error":0.002133231818371518},"median":{"confidence_interval":{"confidence_level":0.95,"lower_bound":-0.006414736261692977,"upper_bound":0.002296805984110639},"point_estimate":-0.0014712093105310187,"standard_error":0.00214125911126841}}