{"mean":{"confidence_interval":{"confidence_level":0.95,"lower_bound":0.10751563325761065,"upper_bound":0.22457101942628419},"point_estimate":0.16525722434487444,"standard_error":0.029858575941075525},"median":{"confidence_interval":{"confidence_level":0.95,"lower_bound":0.06724112247766612,"upper_bound":0.18248864133840426},"point_estimate":0.12659515819041722,"standard_error":0.032257042912133}}