{"mean":{"confidence_interval":{"confidence_level":0.95,"lower_bound":177.80552366526692,"upper_bound":212.61374068669292},"point_estimate":194.51728964918678,"standard_error":8.906726226957014},"median":{"confidence_interval":{"confidence_level":0.95,"lower_bound":133.01712644856937,"upper_bound":215.8036123823988},"point_estimate":192.64295473417118,"standard_error":26.588859309367127},"median_abs_dev":{"confidence_interval":{"confidence_level":0.95,"lower_bound":33.991735933687295,"upper_bound":116.96160196710592},"point_estimate":97.44199296694751,"standard_error":22.63630794016834},"slope":{"confidence_interval":{"confidence_level":0.95,"lower_bound":136.57411454382336,"upper_bound":159.7853562309436},"point_estimate":146.60934671881648,"standard_error":5.967613112045676},"std_dev":{"confidence_interval":{"confidence_level":0.95,"lower_bound":66.41921847398407,"upper_bound":114.3241235214561},"point_estimate":89.43093737415357,"standard_error":12.628255948379188}}