{"mean":{"confidence_interval":{"confidence_level":0.95,"lower_bound":0.2729546321121655,"upper_bound":0.3166574255015872},"point_estimate":0.29475549648405575,"standard_error":0.011126816139846899},"median":{"confidence_interval":{"confidence_level":0.95,"lower_bound":0.2771883251730072,"upper_bound":0.319350879684116},"point_estimate":0.3012174975199422,"standard_error":0.011086445553168602}}