{"mean":{"confidence_interval":{"confidence_level":0.95,"lower_bound":0.2293210395042057,"upper_bound":0.3776717992505977},"point_estimate":0.30048183457706346,"standard_error":0.03816360658237782},"median":{"confidence_interval":{"confidence_level":0.95,"lower_bound":0.18395933630444203,"upper_bound":0.5235156473407285},"point_estimate":0.31546387278838317,"standard_error":0.08507109700887473}}