{"mean":{"confidence_interval":{"confidence_level":0.95,"lower_bound":-0.2649527281332557,"upper_bound":-0.19244871662804136},"point_estimate":-0.22786232075350654,"standard_error":0.01851519899034964},"median":{"confidence_interval":{"confidence_level":0.95,"lower_bound":-0.23089086358797561,"upper_bound":-0.14367663068562309},"point_estimate":-0.17515126968590322,"standard_error":0.025147263085296145}}