{"mean":{"confidence_interval":{"confidence_level":0.95,"lower_bound":0.19081480971224152,"upper_bound":0.3040937170603783},"point_estimate":0.2461242768880436,"standard_error":0.028659588185207953},"median":{"confidence_interval":{"confidence_level":0.95,"lower_bound":0.15547658453270707,"upper_bound":0.3307988183121957},"point_estimate":0.2674336267884878,"standard_error":0.043830373046293974}}