{"mean":{"confidence_interval":{"confidence_level":0.95,"lower_bound":-0.4023941993455322,"upper_bound":-0.3672313748656357},"point_estimate":-0.3851591665570312,"standard_error":0.008982765994628085},"median":{"confidence_interval":{"confidence_level":0.95,"lower_bound":-0.4051355134405068,"upper_bound":-0.36244493708407666},"point_estimate":-0.3799812604950581,"standard_error":0.012146767350406212}}