{"mean":{"confidence_interval":{"confidence_level":0.95,"lower_bound":-0.26014258798299156,"upper_bound":-0.20641751175015627},"point_estimate":-0.23367844531559545,"standard_error":0.013740394485854885},"median":{"confidence_interval":{"confidence_level":0.95,"lower_bound":-0.25276954503913796,"upper_bound":-0.15249091816971128},"point_estimate":-0.22176542492205897,"standard_error":0.026942147913118754}}