{"mean":{"confidence_interval":{"confidence_level":0.95,"lower_bound":0.026080498790555916,"upper_bound":0.05504702527670732},"point_estimate":0.04008719333285726,"standard_error":0.007350930740348967},"median":{"confidence_interval":{"confidence_level":0.95,"lower_bound":0.026231582787673124,"upper_bound":0.052950385769804154},"point_estimate":0.04114021147183888,"standard_error":0.006767894449940325}}