{"mean":{"confidence_interval":{"confidence_level":0.95,"lower_bound":-0.3151364673064379,"upper_bound":-0.26124761670133234},"point_estimate":-0.28853503588707186,"standard_error":0.013759195497039082},"median":{"confidence_interval":{"confidence_level":0.95,"lower_bound":-0.2814515715755169,"upper_bound":-0.22056799767411428},"point_estimate":-0.25479127110400546,"standard_error":0.015178684113551014}}