{"mean":{"confidence_interval":{"confidence_level":0.95,"lower_bound":0.11255406987970942,"upper_bound":0.3019496161659065},"point_estimate":0.2055807820090274,"standard_error":0.04858815699791911},"median":{"confidence_interval":{"confidence_level":0.95,"lower_bound":0.09176726282318415,"upper_bound":0.2690658401777135},"point_estimate":0.1954761382073147,"standard_error":0.049296747113061125}}