{"mean":{"confidence_interval":{"confidence_level":0.95,"lower_bound":-0.27052811488614065,"upper_bound":-0.20904058886463117},"point_estimate":-0.23953854968092092,"standard_error":0.015730970876582595},"median":{"confidence_interval":{"confidence_level":0.95,"lower_bound":-0.2401371993677935,"upper_bound":-0.17649101504807008},"point_estimate":-0.1972191209614147,"standard_error":0.01484510728773736}}