{"mean":{"confidence_interval":{"confidence_level":0.95,"lower_bound":-0.5611414635586941,"upper_bound":-0.5141278085479823},"point_estimate":-0.5388942410917867,"standard_error":0.012041731124323786},"median":{"confidence_interval":{"confidence_level":0.95,"lower_bound":-0.5863184980610806,"upper_bound":-0.49453391261991314},"point_estimate":-0.5462734006105228,"standard_error":0.029689677513234466}}