{"mean":{"confidence_interval":{"confidence_level":0.95,"lower_bound":-0.5381888497053409,"upper_bound":-0.4771466281507466},"point_estimate":-0.5094860531151335,"standard_error":0.015585121083138115},"median":{"confidence_interval":{"confidence_level":0.95,"lower_bound":-0.5693786467022802,"upper_bound":-0.4544889441258282},"point_estimate":-0.5178766860458432,"standard_error":0.02899560140395122}}