{"mean":{"confidence_interval":{"confidence_level":0.95,"lower_bound":-0.2887248772688999,"upper_bound":-0.20395856130667453},"point_estimate":-0.24640884853409983,"standard_error":0.021660355668126477},"median":{"confidence_interval":{"confidence_level":0.95,"lower_bound":-0.22674511232187455,"upper_bound":-0.11194744042992777},"point_estimate":-0.16933719277887982,"standard_error":0.026321821594619}}