{"mean":{"confidence_interval":{"confidence_level":0.95,"lower_bound":0.09693506488270573,"upper_bound":0.2584210781378582},"point_estimate":0.1766067145026473,"standard_error":0.041380889058575045},"median":{"confidence_interval":{"confidence_level":0.95,"lower_bound":0.14337500070291465,"upper_bound":0.3312086483221861},"point_estimate":0.24813968455264623,"standard_error":0.044858223829734686}}