{"mean":{"confidence_interval":{"confidence_level":0.95,"lower_bound":20396865.024999995,"upper_bound":20879093.383333333},"point_estimate":20623955.66666667,"standard_error":123183.37998381564},"median":{"confidence_interval":{"confidence_level":0.95,"lower_bound":20218766.666666668,"upper_bound":20603566.666666668},"point_estimate":20408883.333333332,"standard_error":88860.92881416292},"median_abs_dev":{"confidence_interval":{"confidence_level":0.95,"lower_bound":699688.3475780468,"upper_bound":1066310.6110692043},"point_estimate":857857.0547699919,"standard_error":90482.02283838055},"slope":null,"std_dev":{"confidence_interval":{"confidence_level":0.95,"lower_bound":866174.5813406551,"upper_bound":1612974.677215133},"point_estimate":1236127.6302430884,"standard_error":195044.83670713354}}