{"mean":{"confidence_interval":{"confidence_level":0.95,"lower_bound":393938.2846117546,"upper_bound":428489.35480568366},"point_estimate":407211.79782639066,"standard_error":9178.988817645979},"median":{"confidence_interval":{"confidence_level":0.95,"lower_bound":389435.27777777775,"upper_bound":397034.61723930074},"point_estimate":394228.84031572554,"standard_error":1730.8384275866658},"median_abs_dev":{"confidence_interval":{"confidence_level":0.95,"lower_bound":10571.815862732929,"upper_bound":18031.82281438275},"point_estimate":14134.818356428776,"standard_error":1980.5457953647522},"slope":{"confidence_interval":{"confidence_level":0.95,"lower_bound":394306.0052974511,"upper_bound":468327.6661633035},"point_estimate":420724.14176641544,"standard_error":20704.041815478},"std_dev":{"confidence_interval":{"confidence_level":0.95,"lower_bound":16190.049942749974,"upper_bound":152040.51568012944},"point_estimate":91844.88643865036,"standard_error":41513.13107190955}}