{"mean":{"confidence_interval":{"confidence_level":0.95,"lower_bound":3883887.9214285733,"upper_bound":3996291.5017857156},"point_estimate":3939539.071428573,"standard_error":28572.917616966264},"median":{"confidence_interval":{"confidence_level":0.95,"lower_bound":3890042.8571428573,"upper_bound":4006707.1428571427},"point_estimate":3933039.2857142854,"standard_error":31417.714075362797},"median_abs_dev":{"confidence_interval":{"confidence_level":0.95,"lower_bound":234722.0508328508,"upper_bound":387038.01812870154},"point_estimate":296938.29972829187,"standard_error":37092.34378137278},"slope":null,"std_dev":{"confidence_interval":{"confidence_level":0.95,"lower_bound":245083.51271875677,"upper_bound":331116.63177136483},"point_estimate":287876.22028035147,"standard_error":22099.750524251074}}