{"mean":{"confidence_interval":{"confidence_level":0.95,"lower_bound":3577449.780000001,"upper_bound":3768285.896666667},"point_estimate":3664037.266666667,"standard_error":49089.48943612324},"median":{"confidence_interval":{"confidence_level":0.95,"lower_bound":3500860.0,"upper_bound":3558326.6666666665},"point_estimate":3527860.0,"standard_error":12388.380526648867},"median_abs_dev":{"confidence_interval":{"confidence_level":0.95,"lower_bound":80554.59856986988,"upper_bound":141879.99903112662},"point_estimate":114669.22396421421,"standard_error":15108.705165112044},"slope":null,"std_dev":{"confidence_interval":{"confidence_level":0.95,"lower_bound":268658.2968006683,"upper_bound":668706.681321793},"point_estimate":494024.3523045139,"standard_error":101805.65699072013}}