{"mean":{"confidence_interval":{"confidence_level":0.95,"lower_bound":-0.12752641806081105,"upper_bound":0.021382795516013603},"point_estimate":-0.058238328398572126,"standard_error":0.0379245968463801},"median":{"confidence_interval":{"confidence_level":0.95,"lower_bound":-0.20575098975003878,"upper_bound":-0.049360667081556175},"point_estimate":-0.12949762611280913,"standard_error":0.037570155365575245}}