{"mean":{"confidence_interval":{"confidence_level":0.95,"lower_bound":-0.529871853431157,"upper_bound":-0.4862409511642312},"point_estimate":-0.5088588808370964,"standard_error":0.011129993509326419},"median":{"confidence_interval":{"confidence_level":0.95,"lower_bound":-0.5277475225553375,"upper_bound":-0.5065995646868341},"point_estimate":-0.5163465431946621,"standard_error":0.005386197727077054}}