{"mean":{"confidence_interval":{"confidence_level":0.95,"lower_bound":-0.04378741308716372,"upper_bound":-0.008299008514102667},"point_estimate":-0.026409963810958947,"standard_error":0.00910053059316585},"median":{"confidence_interval":{"confidence_level":0.95,"lower_bound":-0.04400657057888646,"upper_bound":-0.007158824615268067},"point_estimate":-0.021881485031723824,"standard_error":0.010075435813230485}}