{"mean":{"confidence_interval":{"confidence_level":0.95,"lower_bound":-0.33522754188400083,"upper_bound":-0.27238126196353984},"point_estimate":-0.3039121473072982,"standard_error":0.016003170004182297},"median":{"confidence_interval":{"confidence_level":0.95,"lower_bound":-0.30811029321886707,"upper_bound":-0.2382381227674455},"point_estimate":-0.28459212053012295,"standard_error":0.01943380203649765}}