{"mean":{"confidence_interval":{"confidence_level":0.95,"lower_bound":6721303.696875,"upper_bound":7170257.353124999},"point_estimate":6916268.25,"standard_error":115794.11235119395},"median":{"confidence_interval":{"confidence_level":0.95,"lower_bound":6603675.0,"upper_bound":6640462.5},"point_estimate":6622706.25,"standard_error":9512.286091398748},"median_abs_dev":{"confidence_interval":{"confidence_level":0.95,"lower_bound":72137.75496929884,"upper_bound":166097.5283011794},"point_estimate":128773.07396382093,"standard_error":24679.157725451194},"slope":null,"std_dev":{"confidence_interval":{"confidence_level":0.95,"lower_bound":487569.9636011581,"upper_bound":1764334.6531485447},"point_estimate":1163653.9579281423,"standard_error":349765.9259960409}}