{"mean":{"confidence_interval":{"confidence_level":0.95,"lower_bound":-0.31778726906923754,"upper_bound":-0.25751414662189226},"point_estimate":-0.2884359115864731,"standard_error":0.015332511013620369},"median":{"confidence_interval":{"confidence_level":0.95,"lower_bound":-0.3107535154839144,"upper_bound":-0.19401230045830142},"point_estimate":-0.2603513086045458,"standard_error":0.029819405843346095}}