{"mean":{"confidence_interval":{"confidence_level":0.95,"lower_bound":0.012777981781514527,"upper_bound":0.10810903055540912},"point_estimate":0.057338338617766826,"standard_error":0.02470125910833603},"median":{"confidence_interval":{"confidence_level":0.95,"lower_bound":-0.031989129170652886,"upper_bound":0.12563466557964964},"point_estimate":0.021176838782002383,"standard_error":0.03920589614726037}}