{"mean":{"confidence_interval":{"confidence_level":0.95,"lower_bound":-0.36674093786756645,"upper_bound":-0.31763690125469785},"point_estimate":-0.3425986755198982,"standard_error":0.01255177530988427},"median":{"confidence_interval":{"confidence_level":0.95,"lower_bound":-0.3573707152434571,"upper_bound":-0.29297812789686917},"point_estimate":-0.326935720013914,"standard_error":0.018837272471524488}}