{"mean":{"confidence_interval":{"confidence_level":0.95,"lower_bound":0.5122395267143166,"upper_bound":0.6679499998726569},"point_estimate":0.587642583092113,"standard_error":0.03962372622683806},"median":{"confidence_interval":{"confidence_level":0.95,"lower_bound":0.45333335774782846,"upper_bound":0.751201245849102},"point_estimate":0.5793285895564195,"standard_error":0.07417029909437396}}