{"mean":{"confidence_interval":{"confidence_level":0.95,"lower_bound":9.640541212062663,"upper_bound":9.705129364848576},"point_estimate":9.671158279215797,"standard_error":0.01652000095828712},"median":{"confidence_interval":{"confidence_level":0.95,"lower_bound":9.612619356696557,"upper_bound":9.656999320667607},"point_estimate":9.637001984781234,"standard_error":0.012227511371659635},"median_abs_dev":{"confidence_interval":{"confidence_level":0.95,"lower_bound":0.08032512503035012,"upper_bound":0.1363033204530838},"point_estimate":0.11357644850310902,"standard_error":0.014070425415355534},"slope":{"confidence_interval":{"confidence_level":0.95,"lower_bound":9.60414434186062,"upper_bound":9.67756981255669},"point_estimate":9.63502427028673,"standard_error":0.019043388028440068},"std_dev":{"confidence_interval":{"confidence_level":0.95,"lower_bound":0.11869943079766136,"upper_bound":0.21062957620542636},"point_estimate":0.1661557945786211,"standard_error":0.023638005171537486}}